{"cameraMode":{"drawMode":0,"name":"Shaded","section":"Shading Mode"},"sceneLighting":true,"audioPlay":false,"sceneViewState":{"showFog":true,"showMaterialUpdate":false,"showSkybox":true,"showFlares":true,"showImageEffects":true,"showParticleSystems":true},"in2DMode":false,"pivot":{"x":-1.9117411375045777,"y":1.0921534299850464,"z":1.5799851417541505},"rotation":{"x":-0.0032335068099200727,"y":0.9331908822059631,"z":0.00839894451200962,"w":0.35926902294158938},"size":1.7905316352844239,"orthographic":false}