{"cameraMode":{"drawMode":0,"name":"Shaded","section":"Shading Mode"},"sceneLighting":false,"audioPlay":false,"sceneViewState":{"showFog":true,"showMaterialUpdate":false,"showSkybox":false,"showFlares":true,"showImageEffects":true,"showParticleSystems":true},"in2DMode":false,"pivot":{"x":-6.895098686218262,"y":1.2169630527496338,"z":3.9713683128356935},"rotation":{"x":-0.14224880933761598,"y":0.13054563105106355,"z":-0.018929211422801019,"w":-0.9810039401054382},"size":3.5094265937805177,"orthographic":false}