{"cameraMode":{"drawMode":0,"name":"Shaded","section":"Shading Mode"},"sceneLighting":true,"audioPlay":false,"sceneViewState":{"showFog":true,"showMaterialUpdate":false,"showSkybox":true,"showFlares":true,"showImageEffects":true,"showParticleSystems":true},"in2DMode":false,"pivot":{"x":26.816661834716798,"y":-4.061813831329346,"z":-5.424345970153809},"rotation":{"x":0.057314444333314899,"y":0.7671776413917542,"z":-0.06923352181911469,"w":0.6351158618927002},"size":30.247314453125,"orthographic":false}